,filename
0,2000_SGHC_257.pdf
1,2000_SGHC_290.pdf
2,2001_SGCA_66.pdf
3,2001_SGHC_101.pdf
4,2001_SGHC_108.pdf
5,2001_SGHC_111.pdf
6,2001_SGHC_118.pdf
7,2001_SGHC_128.pdf
8,2001_SGHC_130.pdf
9,2001_SGHC_132.pdf
10,2001_SGHC_148.pdf
11,2001_SGHC_150.pdf
12,2001_SGHC_151.pdf
13,2001_SGHC_163.pdf
14,2001_SGHC_174.pdf
15,2001_SGHC_214.pdf
16,2001_SGHC_215.pdf
17,2001_SGHC_222.pdf
18,2001_SGHC_224.pdf
19,2001_SGHC_228.pdf
20,2001_SGHC_229.pdf
21,2001_SGHC_232.pdf
22,2001_SGHC_240.pdf
23,2001_SGHC_244.pdf
24,2001_SGHC_250.pdf
25,2001_SGHC_254.pdf
26,2001_SGHC_257.pdf
27,2001_SGHC_266.pdf
28,2001_SGHC_267.pdf
29,2001_SGHC_270.pdf
30,2001_SGHC_277.pdf
31,2001_SGHC_289.pdf
32,2001_SGHC_292.pdf
33,2001_SGHC_295.pdf
34,2001_SGHC_301.pdf
35,2001_SGHC_304.pdf
36,2001_SGHC_319.pdf
37,2001_SGHC_322.pdf
38,2001_SGHC_329.pdf
39,2001_SGHC_337.pdf
40,2001_SGHC_344.pdf
41,2001_SGHC_347.pdf
42,2001_SGHC_367.pdf
43,2001_SGHC_368.pdf
44,2001_SGHC_371.pdf
45,2001_SGHC_373.pdf
46,2001_SGHC_379.pdf
